year,month,user_type,total_comments
2023,6,multi_subreddit,730833
2023,6,single_subreddit,287314
2023,7,multi_subreddit,674588
2023,7,single_subreddit,271714
2023,8,multi_subreddit,914449
2023,8,single_subreddit,337127
2023,9,multi_subreddit,842125
2023,9,single_subreddit,319496
2023,10,multi_subreddit,1409398
2023,10,single_subreddit,479221
2023,11,multi_subreddit,1087306
2023,11,single_subreddit,346050
2023,12,multi_subreddit,952269
2023,12,single_subreddit,320575
2024,1,multi_subreddit,1141171
2024,1,single_subreddit,390658
2024,2,multi_subreddit,1092279
2024,2,single_subreddit,364852
2024,3,multi_subreddit,1088705
2024,3,single_subreddit,394864
2024,4,multi_subreddit,985163
2024,4,single_subreddit,363595
2024,5,multi_subreddit,1093101
2024,5,single_subreddit,394747
2024,6,multi_subreddit,972281
2024,6,single_subreddit,363208
2024,7,multi_subreddit,1422406
2024,7,single_subreddit,541160
