subreddit,rank,token,group_share,group_count,lift
WhitePeopleTwitter,1,giphy,0.000918,36976,8.5671
WhitePeopleTwitter,2,emotes,9.2e-05,3691,8.4988
WhitePeopleTwitter,3,downsized,0.00033,13294,8.4728
WhitePeopleTwitter,4,emote,9.5e-05,3828,8.3949
WhitePeopleTwitter,5,whitepeopletwitter,0.000196,7877,8.3874
WhitePeopleTwitter,6,gif,0.001028,41416,8.1987
WhitePeopleTwitter,7,sledge,5.8e-05,2354,8.0579
WhitePeopleTwitter,8,gunther,1.5e-05,600,7.903
WhitePeopleTwitter,9,imgur,9.1e-05,3649,7.6521
WhitePeopleTwitter,10,clubhouse,2.3e-05,908,7.394
WhitePeopleTwitter,11,catturd,1.6e-05,636,7.3498
WhitePeopleTwitter,12,sorbo,3.1e-05,1245,7.0234
WhitePeopleTwitter,13,garth,1.8e-05,724,6.999
WhitePeopleTwitter,14,timestamp,5.4e-05,2177,6.7076
WhitePeopleTwitter,15,sang,6.4e-05,2577,6.6638
WhitePeopleTwitter,16,elmo,6.6e-05,2677,6.4917
WhitePeopleTwitter,17,roseanne,1.8e-05,736,6.3364
WhitePeopleTwitter,18,chaya,2.5e-05,998,6.3296
WhitePeopleTwitter,19,walsh,5.4e-05,2164,6.1586
WhitePeopleTwitter,20,loomer,1.7e-05,702,6.1486
changemyview,1,deltaboards,0.00021,11152,6.5021
changemyview,2,deltalog,0.000111,5914,6.5021
changemyview,3,deltabot,1.6e-05,856,6.5021
changemyview,4,changemyview,0.000226,11984,6.4961
changemyview,5,cmv,0.000471,25010,6.4871
changemyview,6,ftf,2.3e-05,1235,6.4707
changemyview,7,deltas,0.000162,8619,6.4542
changemyview,8,rescan,1.5e-05,820,6.4006
changemyview,9,soapboxing,4.6e-05,2433,6.3712
changemyview,10,socratic,9.2e-05,4880,6.3044
changemyview,11,cico,1.8e-05,980,6.3027
changemyview,12,clicking,0.000701,37228,6.1066
changemyview,13,retarded,1.1e-05,576,6.0997
changemyview,14,delta,0.000728,38686,6.0243
changemyview,15,steelman,1.1e-05,577,5.8712
changemyview,16,misandry,5e-05,2669,5.849
changemyview,17,exhibiting,0.0001,5296,5.8394
changemyview,18,moderation,0.000643,34170,5.827
changemyview,19,deterministic,2e-05,1073,5.8237
changemyview,20,monogamy,2.5e-05,1346,5.7578
conspiracy,1,stickied,0.001724,54816,10.7905
conspiracy,2,modmail,0.000159,5069,10.7364
conspiracy,3,shadowbans,3.6e-05,1151,10.678
conspiracy,4,crossposting,3.6e-05,1135,10.6478
conspiracy,5,bitchute,2.3e-05,719,10.6126
conspiracy,6,tptb,5.6e-05,1792,10.5859
conspiracy,7,sticky,0.001732,55051,10.5711
conspiracy,8,luciferian,1.8e-05,566,10.4928
conspiracy,9,freemasonry,4.3e-05,1374,10.4821
conspiracy,10,nephilim,1.7e-05,544,10.4229
conspiracy,11,wtc7,1.7e-05,527,10.4092
conspiracy,12,reveddit,1.7e-05,526,10.4084
conspiracy,13,ecohealth,1.9e-05,598,10.3776
conspiracy,14,freemason,3.9e-05,1235,10.2887
conspiracy,15,gematria,1.8e-05,584,10.2659
conspiracy,16,meta,0.003476,110501,10.2608
conspiracy,17,masonic,3.9e-05,1245,10.1769
conspiracy,18,rothschild,8.7e-05,2779,10.1546
conspiracy,19,monero,2.3e-05,723,10.1085
conspiracy,20,rotfl,2.8e-05,888,10.1014
news,1,sometexthere,3.3e-05,1187,9.5141
news,2,armorer,3.4e-05,1230,9.0716
news,3,melatonin,2.7e-05,971,7.829
news,4,resubmit,6.6e-05,2387,7.3023
news,5,panera,2.4e-05,880,7.2363
news,6,chipotle,2.6e-05,932,7.1051
news,7,url,0.000103,3728,6.9642
news,8,taser,1.7e-05,633,6.7668
news,9,walgreens,3.1e-05,1116,6.7286
news,10,bison,2e-05,736,6.6247
news,11,amp,3.5e-05,1285,6.2185
news,12,caffeine,8.6e-05,3127,5.98
news,13,baldwin,3.6e-05,1310,5.6704
news,14,cvs,2.2e-05,803,5.5161
news,15,kroger,2.3e-05,827,5.5138
news,16,cursive,3.2e-05,1160,5.3862
news,17,mcd,1.8e-05,636,5.1366
news,18,bulbs,2.2e-05,803,4.9641
news,19,nitrogen,3.8e-05,1371,4.9111
news,20,lemonade,2.9e-05,1055,4.882
politics,1,3d10000,6.4e-05,6659,3.3092
politics,2,x2588,6e-06,675,3.3092
politics,3,rehosted,8.3e-05,8637,3.3047
politics,4,notability,7.3e-05,7598,3.304
politics,5,courteous,0.000587,61248,3.2914
politics,6,domains,0.000967,100898,3.2884
politics,7,merits,0.000604,62996,3.1641
politics,8,declarative,2.8e-05,2888,3.1615
politics,9,blogging,1.5e-05,1596,3.1419
politics,10,votedem,5e-06,570,3.1333
politics,11,index,0.000625,65247,3.1261
politics,12,whitmer,0.000124,12977,3.0593
politics,13,clyburn,7e-06,726,3.0373
politics,14,walz,1.7e-05,1745,3.0218
politics,15,megathread,3.1e-05,3255,3.013
politics,16,suggestion,0.000609,63525,3.0117
politics,17,insults,0.000613,63992,3.0015
politics,18,outlet,0.000619,64616,2.9972
politics,19,shill,0.000601,62755,2.9913
politics,20,emmer,1e-05,1054,2.9863
worldnews,1,robotyne,1.2e-05,945,4.325
worldnews,2,reapprove,1.2e-05,938,4.3111
worldnews,3,gripen,7e-06,565,4.3052
worldnews,4,tokmak,1.5e-05,1163,4.2989
worldnews,5,khalistanis,1e-05,814,4.2906
worldnews,6,melitopol,7e-06,520,4.2613
worldnews,7,abaya,1.6e-05,1279,4.2308
worldnews,8,surovikin,6e-06,515,4.2124
worldnews,9,afu,1.1e-05,910,4.2092
worldnews,10,khalistani,2.2e-05,1741,4.2056
worldnews,11,mlrs,1.2e-05,981,4.1854
worldnews,12,atacms,5e-05,3951,4.1844
worldnews,13,znpp,7e-06,573,4.1827
worldnews,14,zaluzhny,9e-06,733,4.178
worldnews,15,nasrallah,6e-06,516,4.1734
worldnews,16,khalistan,2.2e-05,1783,4.1725
worldnews,17,nijjar,1.6e-05,1288,4.1716
worldnews,18,sead,7e-06,581,4.171
worldnews,19,kharkiv,4.8e-05,3801,4.1605
worldnews,20,shoigu,1.9e-05,1507,4.1531
