subreddit,token,count,rank
WhitePeopleTwitter,people,454778,1
WhitePeopleTwitter,like,402740,2
WhitePeopleTwitter,trump,270033,3
WhitePeopleTwitter,one,230570,4
WhitePeopleTwitter,get,212490,5
WhitePeopleTwitter,think,198860,6
WhitePeopleTwitter,even,173984,7
WhitePeopleTwitter,know,169090,8
WhitePeopleTwitter,right,166167,9
WhitePeopleTwitter,time,136398,10
WhitePeopleTwitter,want,132291,11
WhitePeopleTwitter,also,124182,12
WhitePeopleTwitter,make,119635,13
WhitePeopleTwitter,biden,118642,14
WhitePeopleTwitter,going,118613,15
WhitePeopleTwitter,see,116607,16
WhitePeopleTwitter,really,116368,17
WhitePeopleTwitter,say,115883,18
WhitePeopleTwitter,way,114400,19
WhitePeopleTwitter,good,113187,20
changemyview,people,705598,1
changemyview,like,421171,2
changemyview,think,340031,3
changemyview,one,325616,4
changemyview,even,246993,5
changemyview,get,214552,6
changemyview,also,199410,7
changemyview,want,189637,8
changemyview,make,182206,9
changemyview,doesn,177241,10
changemyview,say,177141,11
changemyview,women,175877,12
changemyview,way,174564,13
changemyview,know,169283,14
changemyview,see,166018,15
changemyview,right,160507,16
changemyview,men,160014,17
changemyview,point,157872,18
changemyview,time,156938,19
changemyview,someone,155720,20
conspiracy,people,318431,1
conspiracy,like,251327,2
conspiracy,comment,192746,3
conspiracy,one,174093,4
conspiracy,conspiracy,169833,5
conspiracy,think,158027,6
conspiracy,get,135285,7
conspiracy,please,133019,8
conspiracy,know,131960,9
conspiracy,even,119378,10
conspiracy,rule,117492,11
conspiracy,apply,112644,12
conspiracy,meta,110501,13
conspiracy,time,105575,14
conspiracy,also,101271,15
conspiracy,see,94453,16
conspiracy,keep,90180,17
conspiracy,trump,89451,18
conspiracy,right,87802,19
conspiracy,want,81403,20
news,people,388762,1
news,like,308607,2
news,one,205685,3
news,get,198572,4
news,even,158184,5
news,think,157930,6
news,know,130961,7
news,time,129785,8
news,also,120096,9
news,israel,117871,10
news,right,112394,11
news,going,111486,12
news,make,104452,13
news,way,103152,14
news,want,101560,15
news,still,99252,16
news,much,95945,17
news,good,95558,18
news,really,95048,19
news,years,94276,20
politics,trump,1122735,1
politics,people,998896,2
politics,like,792880,3
politics,biden,646268,4
politics,one,520715,5
politics,get,496453,6
politics,think,484250,7
politics,even,424984,8
politics,right,378625,9
politics,vote,376449,10
politics,going,352433,11
politics,time,347261,12
politics,see,344247,13
politics,know,339729,14
politics,please,329805,15
politics,want,322486,16
politics,make,308321,17
politics,politics,297040,18
politics,also,285866,19
politics,way,273499,20
worldnews,people,737985,1
worldnews,like,588873,2
worldnews,israel,521960,3
worldnews,hamas,445195,4
worldnews,russia,440378,5
worldnews,war,411006,6
worldnews,one,405982,7
worldnews,think,351930,8
worldnews,even,350602,9
worldnews,ukraine,333237,10
worldnews,get,317157,11
worldnews,also,290853,12
worldnews,know,255600,13
worldnews,right,254472,14
worldnews,time,241610,15
worldnews,want,235869,16
worldnews,country,223944,17
worldnews,going,222057,18
worldnews,much,221224,19
worldnews,world,217064,20
